name	userID	userDate	screenName	author	messageID	messageDate	messageText
‚úØ Sergio Jr. ‚úØ	20299211	1233990804.0	morbeen4444	‚úØ Sergio Jr. ‚úØ	935541780593885184	1511881916.0	"RT @PopCrave: Congratulations to Justin Bieber who's nominated for 3 #GRAMMYs including ""Song of the Year"" &amp; ""Record of the Year!"" https://‚Ä¶"
jingle jawn	27083957	1238180609.0	Jon_McIntosh	jingle jawn	935541690160558082	1511881895.0	@PrettyBitchEric if it were the version without Justin Bieber that got nominated, sure.
Brian ‚Ä¢ 9463 Óêù	28696142	1238797393.0	iPulledDaTrigga	Brian ‚Ä¢ 9463 Óêù	935541974756741120	1511881962.0	"RT @PopCrave: #GRAMMYS Record Of The Year nominees:

‚Ä¢Redbone by Childish Bambino
‚Ä¢Despacito by Luis Fonsi &amp; Daddy Yankee feat. Justin Bieb‚Ä¶"
Sofia ü¶ã	41191083	1242754806.0	SofiaZavoli	Sofia ü¶ã	935542051772526596	1511881981.0	Ya empezaron a querer darle todos los cr√©ditos a Justin Bieber por el √©xito de Despacito üòí https://t.co/HI7leel0bl
Trans Silvania praz√™	53772029	1246737954.0	Kgmello	Trans Silvania praz√™	935541739070386176	1511881906.0	Bieber indicado em 3 categorias. Hitmaker faz assim, viu #GRAMMYs https://t.co/gMVUUrZy0c
Carla	107249264	1264114990.0	camprockgirly	Carla	935541778488483841	1511881916.0	"RT @PopCrave: Congratulations to Justin Bieber who's nominated for 3 #GRAMMYs including ""Song of the Year"" &amp; ""Record of the Year!"" https://‚Ä¶"
maddie	122757224	1268507247.0	biebersomadz	maddie	935541971405357056	1511881962.0	"RT @PopCrave: Congratulations to Justin Bieber who's nominated for 3 #GRAMMYs including ""Song of the Year"" &amp; ""Record of the Year!"" https://‚Ä¶"
Karo.	139167354	1272734483.0	ItsKarolayn	Karo.	935542043060908032	1511881979.0	"RT @PopCrave: Congratulations to Justin Bieber who's nominated for 3 #GRAMMYs including ""Song of the Year"" &amp; ""Record of the Year!"" https://‚Ä¶"
Nanda	159122812	1277382207.0	Breath_JBieber	Nanda	935542048400314369	1511881980.0	RT @biebercharts: Luis Fonsi‚Äôs &amp; Justin Bieber‚Äôs remix of ‚ÄòDespacito‚Äô is nominated for Song Of The Year, Record Of The Year &amp; Best Pop Duo‚Ä¶
nKüñ§	166235165	1279034953.0	MooNkNwalk	nKüñ§	935542033187524609	1511881976.0	RT @AndreaJBelieber: Leyenda nivel: estar aburrido, escuchar despacito de fiesta, querer hacer un remix simplemente por diversion y que con‚Ä¶
Sidharth Jain	168199146	1279467822.0	pinku04	Sidharth Jain	935542034001141761	1511881977.0	"RT @facelesskrishna: Ye RW walo ne kya kar diya..

18-30 ki age wali generation Mahabharat ki clips dekh rahi hai, Gita padh rahi hai..

RS‚Ä¶"
nathalia	202504205	1287026501.0	californiakIass	nathalia	935541859908235264	1511881935.0	RT @avonteathr: as indica√ß√µes e o grammy de despacito est√£o nas costas do justin SIM porque a m√∫sica que foi indicada foi o remix e n√£o a m‚Ä¶
alba	235340718	1294438997.0	spideyinfinitys	alba	935541974861537280	1511881962.0	RT @captaindeadpooI: why do ppl call Despacito ‚ÄúJustin Bieber‚Äôs Despacito‚Äù as if the bieber version isn‚Äôt just a white devil discount remix‚Ä¶
Fernanda	243218533	1296052331.0	1march00h56am	Fernanda	935541940694798336	1511881954.0	"RT @biebersmaniabrs: Justin Bieber foi indicado no GRAMMY 2018 com ""Despacito"" juntamente com Luis Fonsi e Daddy Yankee!! Confira as catego‚Ä¶"
Fernanda	243218533	1296052331.0	1march00h56am	Fernanda	935542007073734656	1511881970.0	RT @avonteathr: as indica√ß√µes e o grammy de despacito est√£o nas costas do justin SIM porque a m√∫sica que foi indicada foi o remix e n√£o a m‚Ä¶
üÑ∞üÑΩüÑ∞	244765892	1296352126.0	anacezarinx	üÑ∞üÑΩüÑ∞	935541712499499008	1511881900.0	"RT @PopCrave: Congratulations to Justin Bieber who's nominated for 3 #GRAMMYs including ""Song of the Year"" &amp; ""Record of the Year!"" https://‚Ä¶"
Tata üëë	262198036	1299508191.0	itsbiebereffect	Tata üëë	935541832456523776	1511881929.0	"RT @PopCrave: Congratulations to Justin Bieber who's nominated for 3 #GRAMMYs including ""Song of the Year"" &amp; ""Record of the Year!"" https://‚Ä¶"
natalia misses justin :(	270968806	1300892742.0	enemybieber	natalia misses justin :(	935542031950274561	1511881976.0	"RT @PopCrave: Congratulations to Justin Bieber who's nominated for 3 #GRAMMYs including ""Song of the Year"" &amp; ""Record of the Year!"" https://‚Ä¶"
Sere , , , jb	340969011	1311429321.0	BizzleKidrahulL	Sere , , , jb	935541957228679168	1511881958.0	RT @OT_Oficial: üéßüé§ Raoul y Aitana cantar√°n en la #OTGala6 ‚ÄúLet Me Love You‚Äù de Justin Bieber  #OTDirecto28N https://t.co/yJiPDRm5FO
Morgane	347464361	1312311410.0	iheartbiebzi	Morgane	935541729742262277	1511881904.0	RT @TheJBCrewdotcom: Big congratulations to Justin Bieber as he is nominated for 3 Grammy‚Äôs at the upcoming 2018 Grammy Awards! ‚ÄúDespacito‚Äù‚Ä¶
lyna	363587693	1314519565.0	gambvno	lyna	935541813976420353	1511881924.0	"RT @PopCrave: Congratulations to Justin Bieber who's nominated for 3 #GRAMMYs including ""Song of the Year"" &amp; ""Record of the Year!"" https://‚Ä¶"
.	370587959	1315550651.0	bizzIegr	.	935541917630296064	1511881949.0	"RT @headlineplanet: To answer a common question we're seeing:

The ""Despacito"" Grammy nominations are all for the version with Justin Biebe‚Ä¶"
Cali üòé	394446185	1319071287.0	___Mistercap	Cali üòé	935541801192165378	1511881921.0	"RT @enews: The nominees for Record of the Year: 

Redbone ‚Äî Childish Gambino
Despacito ‚Äî Luis Fonsi and Daddy Yankee ft. Justin Bieber
The‚Ä¶"
Cali üòé	394446185	1319071287.0	___Mistercap	Cali üòé	935541911032598528	1511881947.0	"RT @enews: The nominees for Song of the Year:
Despacito ‚Äî Luis Fonsi and Daddy Yankee ft. Justin Bieber
4:44 ‚Äî Jay-Z 
Issues ‚Äî Julia Michae‚Ä¶"
mayie	397486729	1319476389.0	iansomerhldwr	mayie	935541739334651904	1511881906.0	RT @bieberfbra: Justin Bieber foi indicado ao Grammy nas categorias ‚ÄúRecord of the Year‚Äù, ‚ÄúSong of the Year‚Äù e ‚ÄúBest Pop Duo‚Äù com a m√∫sica‚Ä¶
Edith nu√±o	403045426	1320185346.0	nancysaneznuo	Edith nu√±o	935541760314564608	1511881911.0	"RT @Young_foreverV: TOP SOCIAL 50 BILLBOARD

1.- @BTS_twt
2.- Selena Gomez
3.- Rihanna
4.- Demi Lovato
5.- Niall Horan
6.- Miley Cirus
7.-J‚Ä¶"
journalsuck	421892076	1322314552.0	journalsuck	journalsuck	935542039520972800	1511881978.0	RT @jaxonaja: fico besta que ainda existe @ que n√£o aceita que justin bieber fez de despacito um smash hit quando todos os recordes importa‚Ä¶
Kelsey Stafrace	429283147	1323110915.0	kstaaafrace	Kelsey Stafrace	935541835447001088	1511881929.0	RT @empoole16: LOL do y‚Äôall ever wonder what if Justin Bieber decided to be a normal south ontario boy??? Would he be sending it with the b‚Ä¶
Ani üê£	430725686	1323263294.0	anashxirwin	Ani üê£	935541853591613441	1511881934.0	RT @OT_Oficial: üéßüé§ Raoul y Aitana cantar√°n en la #OTGala6 ‚ÄúLet Me Love You‚Äù de Justin Bieber  #OTDirecto28N https://t.co/yJiPDRm5FO
Forever & Always.	433338368	1323518006.0	Strongnow	Forever & Always.	935541921946198017	1511881950.0	RT @OT_Oficial: üéßüé§ Raoul y Aitana cantar√°n en la #OTGala6 ‚ÄúLet Me Love You‚Äù de Justin Bieber  #OTDirecto28N https://t.co/yJiPDRm5FO
Johaüêê {-11}	444852982	1324661241.0	ahretchegoyen	Johaüêê {-11}	935541755218481152	1511881910.0	"RT @_babylouis_: NUEVOS MUTUALS 
RT SI TE GUSTA 
SHAWN MENDES 
ED SHEERAN 
SELENA GOMEZ 
JUSTIN BIEBER 
ONE DIRECTION 
STRANGER THINGS 
CAM‚Ä¶"
B R U N A DID YOU SEE MY BAG?	479962337	1328050200.0	drogataegi	B R U N A DID YOU SEE MY BAG?	935542011318464512	1511881971.0	RT @jdboxta: Justin Bieber em: de f√©rias com as ex https://t.co/uwi6FQzLl9
sott deserves better	499812904	1329916561.0	stylestins	sott deserves better	935541735417147392	1511881905.0	"RT @PopCrave: Congratulations to Justin Bieber who's nominated for 3 #GRAMMYs including ""Song of the Year"" &amp; ""Record of the Year!"" https://‚Ä¶"
Izzy‚ô°	543823635	1333393949.0	_baldieber	Izzy‚ô°	935541920775987205	1511881950.0	"RT @JBiieberProjeto: JUSTIN BIEBER EST√Å CONCORRENDO EM TR√äS CATEGORIAS NO #GRAMMYs COM A MUSICA ""DESPACITO REMIX"", √çCONE FAZ ASSIM!üëë https:‚Ä¶"
Stephanie ·É¶	546816599	1333712506.0	stephyystephhhh	Stephanie ·É¶	935541962056364033	1511881959.0	"RT @JUSTINBIEBEREXZ: -RECORD OF THE YEAR 
Despacito Remix feat Justin Bieber 

-BEST POP DUO PERFORMANCE 
Despacito Remix feat Justin Biebe‚Ä¶"
nurvadi	560023038	1335045238.0	ollgemendo	nurvadi	935541962794512384	1511881960.0	"RT @purpxsejay: eu tenho um trabalho de ingl√™s para apresentar amanh√£ e adivinhem o assunto: justin legend bieber 
ESSE MOMENTO √â MEU
 v√£o‚Ä¶"
Maddi	575945652	1336610125.0	maddiwoodburn	Maddi	935541699392110592	1511881897.0	RT @empoole16: LOL do y‚Äôall ever wonder what if Justin Bieber decided to be a normal south ontario boy??? Would he be sending it with the b‚Ä¶
Karla. ü¶ï	598013946	1338682714.0	austinsboner	Karla. ü¶ï	935541774143107078	1511881915.0	Not gonna lie; Justin Bieber deserves a Grammy. I just wish it wasn‚Äôt for that fucking despacito song.
üåªüåªüåª	608421771	1339688878.0	xHoseook	üåªüåªüåª	935541848118120450	1511881932.0	"RT @PopCrave: #GRAMMYS Best Pop Duo/Group Performance:

‚Ä¢ Something Just Like This by The Chainsmokers &amp; Coldplay
‚Ä¢ Despacito by Luis Fonsi‚Ä¶"
mack	618190781	1340631472.0	ollguri	mack	935542002296545280	1511881969.0	RT @avonteathr: as indica√ß√µes e o grammy de despacito est√£o nas costas do justin SIM porque a m√∫sica que foi indicada foi o remix e n√£o a m‚Ä¶
Gryffindor	618794674	1340684263.0	Gryffoh	Gryffindor	935541867453845504	1511881937.0	"RT @PopCrave: #GRAMMYS Record Of The Year nominees:

‚Ä¢Redbone by Childish Bambino
‚Ä¢Despacito by Luis Fonsi &amp; Daddy Yankee feat. Justin Bieb‚Ä¶"
Gryffindor	618794674	1340684263.0	Gryffoh	Gryffindor	935542006062952448	1511881970.0	"RT @PopCrave: #GRAMMYs Song Of The Year nominees.

‚Ä¢ Despacito by Luis Fonsi &amp; Daddy Yankee feat. Justin Bieber
‚Ä¢ 4:44 by JAY-Z
‚Ä¢ Issues by‚Ä¶"
.E	711119096	1342976521.0	imagxnedc	.E	935541881424900097	1511881940.0	RT @ARTPOPGR: Justin Bieber is nominated for a GRAMMY for Song of the Year, after he sang ‚ÄúBlah blah blah doritos, blah blah blah burrito!‚Äù‚Ä¶
cowboy	754343893	1344821724.0	KatyKDiamond	cowboy	935541959510372352	1511881959.0	"RT @LVLGAGA: Justin Bieber doesn't even know the words to his own song.
On the otherhand Lady Gaga put all her soul and pain into each lyri‚Ä¶"
karollayne LOVES ZAYN	804577614	1346843733.0	MalikisesDoZayn	karollayne LOVES ZAYN	935541940875153410	1511881954.0	RT @biebersmaniabrs: Mais fotos de Justin Bieber em Whistler, Col√∫mbia Brit√¢nica, no Canad√° - 26 de Novembro. https://t.co/axjDF0k7om
karollayne LOVES ZAYN	804577614	1346843733.0	MalikisesDoZayn	karollayne LOVES ZAYN	935541991697453057	1511881967.0	RT @biebersmaniabrs: Atividades recentes de Justin Bieber no Instagram. https://t.co/kg1GJFqA2Z
sel	877496592	1350116270.0	believesrise	sel	935541812680445952	1511881924.0	"RT @PopCrave: Congratulations to Justin Bieber who's nominated for 3 #GRAMMYs including ""Song of the Year"" &amp; ""Record of the Year!"" https://‚Ä¶"
Jackelinüå∏	929852300	1352208814.0	jackelingarciaa	Jackelinüå∏	935542001470181376	1511881969.0	"RT @PopCrave: Congratulations to Justin Bieber who's nominated for 3 #GRAMMYs including ""Song of the Year"" &amp; ""Record of the Year!"" https://‚Ä¶"
sarahy	1019832865	1355835392.0	sarahyy_bieber	sarahy	935541997288374272	1511881968.0	RT @6LACK: 6LACK pronounced 2 fucking grammy nominations https://t.co/55vdFd2uqy
üçÄ…õŸ≥Ÿ≥ƒÖ …ß∆°≈ôƒÖ≈ãüçÄ	1030233325	1356251396.0	23EllaHoran	üçÄ…õŸ≥Ÿ≥ƒÖ …ß∆°≈ôƒÖ≈ãüçÄ	935542006121627648	1511881970.0	RT @FebreTeen: Justin Bieber feat. Britney Spears? Saiba tudo sobre esse rumor!: https://t.co/GXRihCykDa RT https://t.co/d5N5JedbBD
AtheneFashion.com	1073611058	1357730215.0	AtheneFashion	AtheneFashion.com	935541884851769349	1511881941.0	Teen Planning Justin Bieber Terror Attack Found Guilty https://t.co/rEQP0oSrAd
liana	1086354841	1358085699.0	avoncharming	liana	935542051462107136	1511881981.0	"RT @bwerde: I think Bieber deserves his first big Grammy. Yes, I know he won ""dance recording"" previously. Either that or Fonsi, who clearl‚Ä¶"
b	1228548667	1362088229.0	ilysbaleigh	b	935541883425775617	1511881941.0	well who the fuck chooses the grammy nominations? why is harry up for ZERO? also why am i mad? i haven‚Äôt watched th‚Ä¶ https://t.co/3rm8c8ejMH
Jel	1255025862	1362849584.0	AndreiaPipa99	Jel	935541970935648256	1511881962.0	"RT @biebersmaniabrs: Justin Bieber foi indicado no GRAMMY 2018 com ""Despacito"" juntamente com Luis Fonsi e Daddy Yankee!! Confira as catego‚Ä¶"
‚Äè„Ö§ÿò	1271288312	1363399755.0	purpwrser	‚Äè„Ö§ÿò	935541726592331778	1511881903.0	Justin Bieber em despacito: #1 na Hot 100, primeira m√∫sica latina desde 1995 a pegar #1 no US, mais de 1kk vendido‚Ä¶ https://t.co/qNOJFt8cIH
austin	1302259758	1364266700.0	southernams	austin	935541920822112256	1511881950.0	RT @DailyCaller: ISIS-Inspired Teen Convicted Of Plotting Attack On Justin Bieber Concert https://t.co/bcF8VMaYrT https://t.co/x14h7mfw6Y
luh	1425887006	1368456313.0	angwlical	luh	935541744179007488	1511881907.0	RT @avonteathr: as indica√ß√µes e o grammy de despacito est√£o nas costas do justin SIM porque a m√∫sica que foi indicada foi o remix e n√£o a m‚Ä¶
thais	1447101896	1369156883.0	biebermoxies	thais	935541914316652545	1511881948.0	"RT @PopCrave: Congratulations to Justin Bieber who's nominated for 3 #GRAMMYs including ""Song of the Year"" &amp; ""Record of the Year!"" https://‚Ä¶"
Cusica	1467420944	1369830555.0	CusicaVzla	Cusica	935541820238508032	1511881926.0	Arrestan adolescente por planear atentado contra concierto de Justin Bieber https://t.co/stMvjS7TYo
üöîüîÆüíé	1473984336	1370062648.0	MorganaPimmy	üöîüîÆüíé	935541912257417218	1511881948.0	"#GRAMMYs
Justin Bieber consegue ser indicado em 3 categorias do grammy sem nem saber cantar a m√∫sica. https://t.co/nsTu9ZldNE"
COLOMBIA GONORREA$	1720661845	1378073347.0	LHgoaLsxxx	COLOMBIA GONORREA$	935541973066371073	1511881962.0	"RT @LOUlSPETERO: SELENA GOMEZ
HARRY STYLES
ARIANA GRANDE
ZAYN MALIK
DEMI LOVATO
NIALL HORAN
MILEY CYRUS
LIAM PAYNE
ED SHEERAN
JUSTIN BIEBER‚Ä¶"
Nayyüåà	1758981607	1378566621.0	riverftbian	Nayyüåà	935541711685718016	1511881900.0	"RT @LOUlSPETERO: SELENA GOMEZ
HARRY STYLES
ARIANA GRANDE
ZAYN MALIK
DEMI LOVATO
NIALL HORAN
MILEY CYRUS
LIAM PAYNE
ED SHEERAN
JUSTIN BIEBER‚Ä¶"
gabi	1877883235	1379467014.0	biwberfarofeiro	gabi	935541819881947139	1511881926.0	RT @biebizzle: nem no grammy latino foi a vers√£o original de despacito que ganhou e sim o remix com o justin e voc√™s ainda chamando de esco‚Ä¶
Bill‚Äôs whore	1912912712	1380329267.0	ReallyReesal	Bill‚Äôs whore	935541746473332737	1511881908.0	"RT @JDBVoteSpree: Justin Bieber is now 10x #Grammys nominated artist. 
https://t.co/JcLPek8897"
bella	1942646490	1381105236.0	confidentevak	bella	935541708149927936	1511881899.0	RT @EquipeTSB: Justin Bieber est√° concorrendo em 3 categorias no  #GRAMMYs, hitmaker faz assim, aceita ou surta bb!! https://t.co/Zwvqq2guFN
woody	2175286366	1384051057.0	FALLTACLASSICOS	woody	935541843244220416	1511881931.0	RT @biebizzle: nem no grammy latino foi a vers√£o original de despacito que ganhou e sim o remix com o justin e voc√™s ainda chamando de esco‚Ä¶
carolaine loves camila	2182100859	1384529050.0	camilizergirl	carolaine loves camila	935541778467508224	1511881916.0	"RT @biebersmaniabrs: Justin Bieber foi indicado no GRAMMY 2018 com ""Despacito"" juntamente com Luis Fonsi e Daddy Yankee!! Confira as catego‚Ä¶"
Biacoda	2204685675	1385992753.0	debicoda	Biacoda	935541867898384385	1511881937.0	RT @biebersmaniabrs: Outra foto de Justin Bieber em Whistler, Col√∫mbia Brit√¢nica, no Canad√° - 26 de Novembro. https://t.co/aq1qjzC51I
‚Ä¢jay‚Ä¢	2232752465	1387427894.0	tylerrsjournals	‚Ä¢jay‚Ä¢	935541846398320640	1511881932.0	"RT @PopCrave: Congratulations to Justin Bieber who's nominated for 3 #GRAMMYs including ""Song of the Year"" &amp; ""Record of the Year!"" https://‚Ä¶"
kikiüôà	2326628921	1391626433.0	Patrick_grande	kikiüôà	935541840438353920	1511881930.0	"RT @PopCrave: #GRAMMYs Song Of The Year nominees.

‚Ä¢ Despacito by Luis Fonsi &amp; Daddy Yankee feat. Justin Bieber
‚Ä¢ 4:44 by JAY-Z
‚Ä¢ Issues by‚Ä¶"
kikiüôà	2326628921	1391626433.0	Patrick_grande	kikiüôà	935541854438940675	1511881934.0	"RT @PopCrave: #GRAMMYS Record Of The Year nominees:

‚Ä¢Redbone by Childish Bambino
‚Ä¢Despacito by Luis Fonsi &amp; Daddy Yankee feat. Justin Bieb‚Ä¶"
kikiüôà	2326628921	1391626433.0	Patrick_grande	kikiüôà	935541891688431618	1511881943.0	"RT @PopCrave: #GRAMMYS Best Pop Duo/Group Performance:

‚Ä¢ Something Just Like This by The Chainsmokers &amp; Coldplay
‚Ä¢ Despacito by Luis Fonsi‚Ä¶"
milly	2334278718	1391902162.0	jbisborings	milly	935541813796134912	1511881924.0	RT @jbieberprotect: ‚Äújustin bieber escorado‚Äù meus amores o despacito que bateu todos os recordes e foi ganhador de todos os premios indicad‚Ä¶
RivœÉirœÉ	2344057101	1392420733.0	Isa_Rivoiro	RivœÉirœÉ	935541711803158535	1511881900.0	N√£o aguento mais sair e me chamarem de Justin Bieber, √∫ltima vez que fui pra balada toda vez que o cara passava per‚Ä¶ https://t.co/dYgqR4nJAE
jada | RUNAWAYS ü¶ñ	2361323018	1393341497.0	hollandsfIash	jada | RUNAWAYS ü¶ñ	935541839242940416	1511881930.0	RT @captaindeadpooI: why do ppl call Despacito ‚ÄúJustin Bieber‚Äôs Despacito‚Äù as if the bieber version isn‚Äôt just a white devil discount remix‚Ä¶
karly Bermudez‚ô†‚úå	2367464378	1393696047.0	karlaBermudez96	karly Bermudez‚ô†‚úå	935541984953077762	1511881965.0	RT @EstephaniaHer12: @karlaBermudez96 @Aleexmonth @adris_bieber @joelbemyangel Lo mas hermoso fue que todas nos ve√≠amos bien xD esa eleganc‚Ä¶
karly Bermudez‚ô†‚úå	2367464378	1393696047.0	karlaBermudez96	karly Bermudez‚ô†‚úå	935542009229643777	1511881971.0	RT @Aleexmonth: @EstephaniaHer12 @karlaBermudez96 @adris_bieber @joelbemyangel Jajajajaja üòÇüòÇüòÇüòÇüòÇüòÇ Que estilooo
karly Bermudez‚ô†‚úå	2367464378	1393696047.0	karlaBermudez96	karly Bermudez‚ô†‚úå	935542027005169666	1511881975.0	RT @EstephaniaHer12: @Aleexmonth @karlaBermudez96 @adris_bieber @joelbemyangel A si , si nos andamos ligando a un incienso o a Renato.
nicole	2442722906	1397417784.0	nickivianna	nicole	935541783659991040	1511881917.0	RT @prtectjurstin: eu nasci pra amar e enaltecer os vocais maravilhosos de justin bieber em the feeling ao vivo, pisa mt na vers√£o est√∫dio‚Ä¶
Wallace N.	2498553011	1398037286.0	WallaceNatthan	Wallace N.	935541909619200000	1511881947.0	"RT @JBiieberProjeto: JUSTIN BIEBER EST√Å CONCORRENDO EM TR√äS CATEGORIAS NO #GRAMMYs COM A MUSICA ""DESPACITO REMIX"", √çCONE FAZ ASSIM!üëë https:‚Ä¶"
üòç	2619810984	1405117495.0	5H_Jelena	üòç	935541707768254469	1511881899.0	RT @BieberNovidade: Se ‚ÄúDespacito Remix‚Äù ganhar alguma categoria, o pr√™mio vai para Luis Fonsi e Justin Bieber. #GRAMMYs
I STAN A BAD BITCH	2625337434	1405165519.0	DEM_Mustangs16	I STAN A BAD BITCH	935541927986040836	1511881951.0	"RT @PopCrave: Congratulations to Justin Bieber who's nominated for 3 #GRAMMYs including ""Song of the Year"" &amp; ""Record of the Year!"" https://‚Ä¶"
camila‚ôõ|-109	2713591809	1405466094.0	camzizzle	camila‚ôõ|-109	935541783269904385	1511881917.0	RT @blessjuxtin: JUSTIN BIEBER HIZO UN CAMBIO POR EL MISMO, EL LLAMO A SCOOTER Y LE DIJO QUE LO AYUDARA A CAMBIAR, EL FUE SU PROPIA INICIAT‚Ä¶
camila‚ôõ|-109	2713591809	1405466094.0	camzizzle	camila‚ôõ|-109	935542048157036544	1511881980.0	RT @billsluts: @flickerpoetry Y qu√© te hace pensar que Justin Bieber, Luis Fonsi y Daddy Yankee no valen la pena? Que lo odies y probableme‚Ä¶
John Smailes	2657837192	1405713096.0	joco18023	John Smailes	935541996369907712	1511881968.0	"RT @PrisonPlanet: White, British teen planned terror attack on Justin Bieber concert for ‚ÄúAllah‚Äù.

Tell me again about how Islam is a race,‚Ä¶"
Madiss	2695565208	1406801932.0	jbriana94	Madiss	935541848927621121	1511881932.0	"RT @PopCrave: Congratulations to Justin Bieber who's nominated for 3 #GRAMMYs including ""Song of the Year"" &amp; ""Record of the Year!"" https://‚Ä¶"
ray üåπ	2737328832	1408192711.0	selenacriminals	ray üåπ	935541685777518594	1511881894.0	RT @savejournls: ''justin bieber s√≥ √© indicado pro grammy se escorando em feat'' √© tanto escorado que despacito vers√£o original n√£o foi ind‚Ä¶
Lisa	2835225194	1411913184.0	justibelieberr	Lisa	935541882335014912	1511881940.0	RT @TheJBCrewdotcom: Big congratulations to Justin Bieber as he is nominated for 3 Grammy‚Äôs at the upcoming 2018 Grammy Awards! ‚ÄúDespacito‚Äù‚Ä¶
Lisa	2835225194	1411913184.0	justibelieberr	Lisa	935541968465158144	1511881961.0	RT @TheJBCrewdotcom: Congratulations! ‚ÄúDespacito‚Äù by Luis Fonsi and Daddy Yankee featuring Justin Bieber has been nominated for Best Pop Du‚Ä¶
Lisa	2835225194	1411913184.0	justibelieberr	Lisa	935541992020361217	1511881967.0	RT @TheJBCrewdotcom: Congratulations! ‚ÄúDespacito‚Äù by Luis Fonsi and Daddy Yankee featuring Justin Bieber has been nominated for Song of the‚Ä¶
Lisa	2835225194	1411913184.0	justibelieberr	Lisa	935542009300791297	1511881971.0	RT @TheJBCrewdotcom: Congratulations! ‚ÄúDespacito‚Äù by Luis Fonsi and Daddy Yankee featuring Justin Bieber has been nominated for Record of t‚Ä¶
isaac	2790606214	1411953785.0	arianaldelrey	isaac	935541981803089922	1511881964.0	"RT @PopCrave: Congratulations to Justin Bieber who's nominated for 3 #GRAMMYs including ""Song of the Year"" &amp; ""Record of the Year!"" https://‚Ä¶"
#VoteforBTS ü§óü§ó	2858558042	1413486233.0	xxbrzozia	#VoteforBTS ü§óü§ó	935541716802854913	1511881901.0	"RT @Young_foreverV: TOP SOCIAL 50 BILLBOARD

1.- @BTS_twt
2.- Selena Gomez
3.- Rihanna
4.- Demi Lovato
5.- Niall Horan
6.- Miley Cirus
7.-J‚Ä¶"
:	2884679924	1414745367.0	kiiidrauhlx_	:	935541797681446912	1511881920.0	RT @TheJBCrewdotcom: Big congratulations to Justin Bieber as he is nominated for 3 Grammy‚Äôs at the upcoming 2018 Grammy Awards! ‚ÄúDespacito‚Äù‚Ä¶
:	2884679924	1414745367.0	kiiidrauhlx_	:	935541983686168576	1511881965.0	RT @TheJBCrewdotcom: Congratulations! ‚ÄúDespacito‚Äù by Luis Fonsi and Daddy Yankee featuring Justin Bieber has been nominated for Record of t‚Ä¶
ZEDD'S WIFE üë∞	2891038684	1416845477.0	eb_elvia	ZEDD'S WIFE üë∞	935541931240841216	1511881952.0	"RT @PopCrave: #GRAMMYS Best Pop Duo/Group Performance:

‚Ä¢ Something Just Like This by The Chainsmokers &amp; Coldplay
‚Ä¢ Despacito by Luis Fonsi‚Ä¶"
asha	2939113182	1419236200.0	AishahAimiSham	asha	935541858008100864	1511881935.0	RT @TheJBCrewdotcom: Congratulations! ‚ÄúDespacito‚Äù by Luis Fonsi and Daddy Yankee featuring Justin Bieber has been nominated for Song of the‚Ä¶
daph	2963740429	1420652744.0	daphneepaul	daph	935541746594865152	1511881908.0	RT @empoole16: LOL do y‚Äôall ever wonder what if Justin Bieber decided to be a normal south ontario boy??? Would he be sending it with the b‚Ä¶
Bradli Powell	2990161934	1421683436.0	Bradli_hills	Bradli Powell	935542005060341761	1511881970.0	RT @rauhlshair: Retweet if you‚Äôre proud of Justin Bieber https://t.co/BBDTWFGco5
laura	3000762417	1422324476.0	laurahooover	laura	935541893768863745	1511881943.0	RT @empoole16: LOL do y‚Äôall ever wonder what if Justin Bieber decided to be a normal south ontario boy??? Would he be sending it with the b‚Ä¶
flor con f de fea	3015972046	1423010113.0	biaborsuarez	flor con f de fea	935541987800952832	1511881966.0	"RT @NikoBizarro: En un futuro lejano piensen que sus √≠dolos por cosas de la vida pueden llegar a terminar siendo pol√≠ticos ejemplo

Justin‚Ä¶"
Rohit Sarvade	3021299907	1423219655.0	sarvade_rohit	Rohit Sarvade	935541828824084480	1511881928.0	"RT @JUSTINBIEBEREXZ: -RECORD OF THE YEAR 
Despacito Remix feat Justin Bieber 

-BEST POP DUO PERFORMANCE 
Despacito Remix feat Justin Biebe‚Ä¶"
JB Voting Updates!	3012334790	1423308515.0	JDBVoteSpree	JB Voting Updates!	935541813535956993	1511881924.0	"RT @purposemane: The fact that Justin Bieber is now 10x #Grammys nominated artist 'WOW'
Proud of you @justinbieber ! https://t.co/kQmUmhMcF8"
I BET IT GOT MY HATERS HELLA SICK üî•üòé	3071090011	1425971458.0	jiminingning	I BET IT GOT MY HATERS HELLA SICK üî•üòé	935541898680266752	1511881944.0	"RT @PopCrave: Congratulations to Justin Bieber who's nominated for 3 #GRAMMYs including ""Song of the Year"" &amp; ""Record of the Year!"" https://‚Ä¶"
Giovanna	3180809572	1429382889.0	teamzdrew	Giovanna	935541690697428992	1511881895.0	"RT @JUSTINBIEBEREXZ: -RECORD OF THE YEAR 
Despacito Remix feat Justin Bieber 

-BEST POP DUO PERFORMANCE 
Despacito Remix feat Justin Biebe‚Ä¶"
üéà	3309594508	1433519192.0	baerrowland	üéà	935541907643621377	1511881946.0	RT @bieberdepth: JUSTIN BIEBER HAS BEEN NOMINATED FOR 3 GRAMMYS FOR DESPACITO REMIX THIS YEAR AT THE 2018 #GRAMMYs
mad maria	3360805761	1436105881.0	ImjournaIs	mad maria	935541707650805760	1511881899.0	RT @biebizzle: ele fazendo a batida da m√∫sica eu to morrendo de amores mais uma vez por justin bieber  https://t.co/HM5qIyEZaE
Kidrauhl_bieber	3431552446	1439983943.0	Raquelamaralma1	Kidrauhl_bieber	935541935263092737	1511881953.0	"RT @purposemane: The fact that Justin Bieber is now 10x #Grammys nominated artist 'WOW'
Proud of you @justinbieber ! https://t.co/kQmUmhMcF8"
‡∏â‡πà‡∏≥‡∏â‡∏≤‡∏´‡∏¢‡∏≤‡∏´‡∏¢‡∏±‡πà‡∏°‡∏ó‡∏≤‡∏™‡∏£‡∏±‡∏Å‡∏û‡∏¥‡∏à‡πã‡∏≤‡∏ï‡∏≤‡∏°‡∏•‡πà‡∏≤‡πÇ‡∏£‡∏ï‡∏µ‡πÅ‡∏ï‡πà‡∏≠‡∏≤‡∏ö‡∏±‡∏á‡πÑ‡∏°‡πà‡∏°‡∏≤‡∏Ç‡∏≤‡∏¢	3517778054	1441899319.0	_sassynm96	‡∏â‡πà‡∏≥‡∏â‡∏≤‡∏´‡∏¢‡∏≤‡∏´‡∏¢‡∏±‡πà‡∏°‡∏ó‡∏≤‡∏™‡∏£‡∏±‡∏Å‡∏û‡∏¥‡∏à‡πã‡∏≤‡∏ï‡∏≤‡∏°‡∏•‡πà‡∏≤‡πÇ‡∏£‡∏ï‡∏µ‡πÅ‡∏ï‡πà‡∏≠‡∏≤‡∏ö‡∏±‡∏á‡πÑ‡∏°‡πà‡∏°‡∏≤‡∏Ç‡∏≤‡∏¢	935541811333906432	1511881924.0	"RT @PopCrave: Congratulations to Justin Bieber who's nominated for 3 #GRAMMYs including ""Song of the Year"" &amp; ""Record of the Year!"" https://‚Ä¶"
l√©a	3869937059	1444030990.0	blessgodbieber	l√©a	935541945610403840	1511881956.0	"RT @purposemane: The fact that Justin Bieber is now 10x #Grammys nominated artist 'WOW'
Proud of you @justinbieber ! https://t.co/kQmUmhMcF8"
Reina Uzma	3937614080	1445177953.0	uzmamhydn_	Reina Uzma	935541940161978369	1511881954.0	RT @purposemane: A surprise remix causually made just because Justin happened to like the tune when he heard in the club, got THREE #GRAMMY‚Ä¶
bloom	4165266438	1446960564.0	havanabiebxr	bloom	935541971715743744	1511881962.0	"RT @JDBVoteSpree: Justin Bieber is now 10x #Grammys nominated artist. 
https://t.co/JcLPek8897"
ARTPOP	4189736057	1447538927.0	ARTPOP45835912	ARTPOP	935541691217530880	1511881895.0	RT @ARTPOPGR: Justin Bieber is nominated for a GRAMMY for Song of the Year, after he sang ‚ÄúBlah blah blah doritos, blah blah blah burrito!‚Äù‚Ä¶
bƒ´≈º≈º≈Çƒì	4313377220	1448116833.0	bizzlesnika	bƒ´≈º≈º≈Çƒì	935541770502443008	1511881914.0	"RT @JDBVoteSpree: Justin Bieber is now 10x #Grammys nominated artist. 
https://t.co/JcLPek8897"
lari‚ùÑ	4364436449	1449167965.0	revivalobrienx	lari‚ùÑ	935541970914639872	1511881962.0	"RT @biebersmaniabrs: Justin Bieber foi indicado no GRAMMY 2018 com ""Despacito"" juntamente com Luis Fonsi e Daddy Yankee!! Confira as catego‚Ä¶"
Kevin	4481146452	1449450565.0	Kevinnllopez	Kevin	935541940589944833	1511881954.0	Justin Bieber = üêê
Galaxy Top Man	4440987095	1449775048.0	galaxytpblog	Galaxy Top Man	935541887108374530	1511881942.0	InStyle: Justin Bieber and Selena Gomez Didn't Spend Thanksgiving Together and the Reason Makes Total Sense https://t.co/ufreFlg53X
JustLikeLou	4840169545	1454245203.0	JustLikeDi	JustLikeLou	935541709039005697	1511881899.0	"RT @JDBVoteSpree: Justin Bieber is now 10x #Grammys nominated artist. 
https://t.co/JcLPek8897"
valerie -66	4850160852	1454431552.0	badlovekehlani	valerie -66	935541775313203200	1511881915.0	ladra del rey es sheeran alesia cara justin bieber y cardi b siendo nominados al grammy me hacen tan feliz
babygirl	706171156093652992	1457195698.0	wolvesftbiebs	babygirl	935541854694707200	1511881934.0	"RT @PopCrave: Congratulations to Justin Bieber who's nominated for 3 #GRAMMYs including ""Song of the Year"" &amp; ""Record of the Year!"" https://‚Ä¶"
deej	708283883125493761	1457699411.0	dnnjenx	deej	935542002510315520	1511881969.0	RT @bieberdepth: JUSTIN BIEBER HAS BEEN NOMINATED FOR 3 GRAMMYS FOR DESPACITO REMIX THIS YEAR AT THE 2018 #GRAMMYs
Barb	713028329557921796	1458830576.0	Mishaapocalipse	Barb	935541913469509632	1511881948.0	RT @savejournls: ''justin bieber s√≥ √© indicado pro grammy se escorando em feat'' √© tanto escorado que despacito vers√£o original n√£o foi ind‚Ä¶
ü•Ä	714713581816832000	1459228771.0	shreyaanand24	ü•Ä	935541703577964544	1511881898.0	"RT @PopCrave: Congratulations to Justin Bieber who's nominated for 3 #GRAMMYs including ""Song of the Year"" &amp; ""Record of the Year!"" https://‚Ä¶"
zel‚Ñ¢‚úû	726445605468393472	1462025903.0	gunsforcth	zel‚Ñ¢‚úû	935541995501752322	1511881967.0	"RT @bieberblaze: justin bieber heard ""despacito"" in a club and decided to make a remix for fun and it became the most streamed song of all‚Ä¶"
Lina	732237730764226564	1463406854.0	94linab	Lina	935541747605757959	1511881908.0	"RT @PopCrave: Congratulations to Justin Bieber who's nominated for 3 #GRAMMYs including ""Song of the Year"" &amp; ""Record of the Year!"" https://‚Ä¶"
Rosa,, te paseo psu culia |-2üá®üá±	736033695249891328	1464311882.0	bridgitsjournls	Rosa,, te paseo psu culia |-2üá®üá±	935541868275949569	1511881937.0	"RT @PopCrave: Congratulations to Justin Bieber who's nominated for 3 #GRAMMYs including ""Song of the Year"" &amp; ""Record of the Year!"" https://‚Ä¶"
Antonio vitor	749652748388491265	1467558917.0	antoniovitor67	Antonio vitor	935541786365382657	1511881918.0	"RT @PopCrave: Congratulations to Justin Bieber who's nominated for 3 #GRAMMYs including ""Song of the Year"" &amp; ""Record of the Year!"" https://‚Ä¶"
rai	751447334370811904	1467986780.0	pr0tectcamren	rai	935541707340382208	1511881899.0	"RT @jaxonaja: despacito REMIX:
1 m√∫sica latina em 20 anos a ficar no topo da Billboard
1 m√∫sica em espanhol a alcan√ßar o topo do ranking sp‚Ä¶"
Bieber Boy ‚ù§	753150524178829313	1468392852.0	Anshuya890000	Bieber Boy ‚ù§	935541733387104258	1511881905.0	RT @TheJBCrewdotcom: How would you like to win a backpack from the #PurposeTour collection? Then don‚Äôt forget to enter the current challeng‚Ä¶
Mille	759477329529888768	1469901280.0	millena_sander	Mille	935541990263001090	1511881966.0	RT @supportofjb: Pessoal, que tal a gente parar de desmerecer outros artistas para enaltecer o Justin Bieber? N√£o podemos negar que o remix‚Ä¶
AffiliateInfo.in	765183379486769153	1471261708.0	market_place1	AffiliateInfo.in	935541729511591936	1511881904.0	I liked a @YouTube video https://t.co/fPxgpaDLyM Justin Bieber - As Long As You Love Me (Acoustic) (Audio)
Colucci üèπ‚ô°	766383892911849472	1471547933.0	onlyforevercg	Colucci üèπ‚ô°	935541978942656512	1511881963.0	RT @biebizzle: nem no grammy latino foi a vers√£o original de despacito que ganhou e sim o remix com o justin e voc√™s ainda chamando de esco‚Ä¶
Djenane Espinoza	768643644458987524	1472086700.0	djenane9725	Djenane Espinoza	935541919886856193	1511881949.0	"Del √∫nico regalo que me arrepiento de haber pedido para mis 15 fue un perfume de Justin Bieber 
ü§¶üèª‚Äç‚ôÄÔ∏è"
ŸÖÿ±ÿßŸÖ	772090633678888960	1472908526.0	grande_drama	ŸÖÿ±ÿßŸÖ	935541740106338305	1511881907.0	"RT @PopCrave: Congratulations to Justin Bieber who's nominated for 3 #GRAMMYs including ""Song of the Year"" &amp; ""Record of the Year!"" https://‚Ä¶"
Ana Becker	784886411614904320	1475959278.0	Ana_becker_	Ana Becker	935542049767673856	1511881980.0	"RT @biebersmaniabrs: Justin Bieber foi indicado no GRAMMY 2018 com ""Despacito"" juntamente com Luis Fonsi e Daddy Yankee!! Confira as catego‚Ä¶"
e; ‚ô°	794606543505412097	1478280337.0	elloschii	e; ‚ô°	935541835010887681	1511881929.0	"RT @PopCrave: Congratulations to Justin Bieber who's nominated for 3 #GRAMMYs including ""Song of the Year"" &amp; ""Record of the Year!"" https://‚Ä¶"
Justin Bieber RS üéÑ	797528671401705472	1478977027.0	JBieberRS_	Justin Bieber RS üéÑ	935541782603075584	1511881917.0	Diplo recentemente em uma entrevista para o The New York Times sobre trabalhar novamente com Justin Bieber : https://t.co/5sxDPflTbv
Justin is baeüòçüíûüíñ	813700508795990016	1482832693.0	opsssmyBieber	Justin is baeüòçüíûüíñ	935541833970651137	1511881929.0	RT @kidrauhlsfenty: Bieber i rihanna nominowani,moge umierac #GRAMMYS
Mel	814192962091577349	1482950103.0	melbrizuel	Mel	935541871367147521	1511881938.0	RT @victrola__: Acabo de ver que una piba sE TATU√ì EL NUMERO DE HABITACION Q TUVO EN BARILOCHE yo me voy a tatuar el asiento q me toco en e‚Ä¶
transformer‚ô°	816987378531389441	1483616344.0	sonofbiebs	transformer‚ô°	935541930116739072	1511881952.0	RT @beyjustins: Imagine thinking Justin Bieber isn't a multi-talented musician who is well on his way to becoming one of the biggest male s‚Ä¶
LATINA FAVORITA	821910782623498244	1484790175.0	soundofcompany	LATINA FAVORITA	935541698817556480	1511881897.0	RT @billboard: UK teenager found guilty of plotting terror attack at Justin Bieber concert https://t.co/xYOv6T4PHk
Natalia	824299847712968704	1485359773.0	nataly_bieber13	Natalia	935541939818164225	1511881954.0	"RT @JUSTINBIEBEREXZ: -RECORD OF THE YEAR 
Despacito Remix feat Justin Bieber 

-BEST POP DUO PERFORMANCE 
Despacito Remix feat Justin Biebe‚Ä¶"
Emilia	828008501494558720	1486243985.0	jerryarcoiris	Emilia	935541872436662272	1511881938.0	RT @TheJBCrewdotcom: ‚ÄúDespacito by Luis Fonsi and Daddy Yankee featuring Justin Bieber, the year‚Äôs biggest song, seems to be a shoo-in for‚Ä¶
kaczek Lenek üê•	833579830956457984	1487572293.0	agentkaczka	kaczek Lenek üê•	935541775107796994	1511881915.0	"RT @bipolarbizzle: kiedy zrobiles remix dla zabawy, dzieki ktoremu zaczales bic swiatowe rekordy i masz nominacje do 3 grammy

bieber only‚Ä¶"
azambuja‚ú®	836416378987032578	1488248579.0	AzambujaRafa	azambuja‚ú®	935541946658979840	1511881956.0	RT @JBieberRS_: Diplo recentemente em uma entrevista para o The New York Times sobre trabalhar novamente com Justin Bieber : https://t.co/5‚Ä¶
üñ§‚úÇ	844237660248035328	1490113318.0	cormierhaus	üñ§‚úÇ	935542052540076032	1511881981.0	RT @GOULDENIEHAUS: i can't believe justin bieber is nominated twice for a grammy for a song he can't even sing live, yet paramore have been‚Ä¶
CJ STARüíñ‚ú®	846788545880690688	1490717896.0	CJSTARstar	CJ STARüíñ‚ú®	935541777670594560	1511881915.0	RT @TheJBCrewdotcom: How would you like to win a backpack from the #PurposeTour collection? Then don‚Äôt forget to enter the current challeng‚Ä¶
sad rose | leaving	848244628394569729	1491065053.0	smoIbiebo	sad rose | leaving	935541771634921472	1511881914.0	"RT @PopCrave: Congratulations to Justin Bieber who's nominated for 3 #GRAMMYs including ""Song of the Year"" &amp; ""Record of the Year!"" https://‚Ä¶"
. JB	852949934768828419	1492186886.0	justinjrb21	. JB	935541887657824256	1511881942.0	"RT @purposemane: The fact that Justin Bieber is now 10x #Grammys nominated artist 'WOW'
Proud of you @justinbieber ! https://t.co/kQmUmhMcF8"
üíñ PARK JIMIN  üíñ	872497685990965249	1496847433.0	RosalbaMalio	üíñ PARK JIMIN  üíñ	935541835581112320	1511881929.0	"RT @Young_foreverV: TOP SOCIAL 50 BILLBOARD

1.- @BTS_twt
2.- Selena Gomez
3.- Rihanna
4.- Demi Lovato
5.- Niall Horan
6.- Miley Cirus
7.-J‚Ä¶"
elryiaü¶ã‚ú®üéàüë∏üèΩ	883386458052202496	1499443518.0	EverLovatic12	elryiaü¶ã‚ú®üéàüë∏üèΩ	935541958877024256	1511881959.0	"RT @PopCrave: Congratulations to Justin Bieber who's nominated for 3 #GRAMMYs including ""Song of the Year"" &amp; ""Record of the Year!"" https://‚Ä¶"
Larissa Bieber	885922162313490432	1500048078.0	needlari1	Larissa Bieber	935541923141603329	1511881950.0	RT @biebizzle: tudo isso a vers√£o remix com o justin legend bieber, est√£o espumem menos ou tenham argumentos melhor do que chamar ele de es‚Ä¶
‡∏ô‡∏∏‡πâ‡∏á‡∏´‡∏•‡∏¥‡∏ô‡∏á‡πà‡∏≠‡∏¢‡∏ü‡∏∏‡πâ‡∏á‡∏ü‡∏¥‡πâ‡∏á‡πÄ‡∏°‡∏ô‡∏≠‡∏µ‡∏≠‡∏á	892336493645094914	1501577373.0	linlinsohott	‡∏ô‡∏∏‡πâ‡∏á‡∏´‡∏•‡∏¥‡∏ô‡∏á‡πà‡∏≠‡∏¢‡∏ü‡∏∏‡πâ‡∏á‡∏ü‡∏¥‡πâ‡∏á‡πÄ‡∏°‡∏ô‡∏≠‡∏µ‡∏≠‡∏á	935541780933574656	1511881916.0	"RT @PopCrave: Congratulations to Justin Bieber who's nominated for 3 #GRAMMYs including ""Song of the Year"" &amp; ""Record of the Year!"" https://‚Ä¶"
Justin Bieber	894039707213897728	1501983451.0	GautamBihari5	Justin Bieber	935541805155618816	1511881922.0	RT @TheJBCrewdotcom: Justin Bieber‚Äôs recent Instagram activity. https://t.co/yuoR5IRseZ
Ariana	898890590741549056	1503139992.0	arianaslight_	Ariana	935541833224151040	1511881929.0	"RT @PopCrave: Congratulations to Justin Bieber who's nominated for 3 #GRAMMYs including ""Song of the Year"" &amp; ""Record of the Year!"" https://‚Ä¶"
mamoon khan	900650441301741568	1503559573.0	MaviyaK95417601	mamoon khan	935541951407050752	1511881957.0	RT @bieberdepth: WHY IS JUSTIN BIEBER LIKE THIS https://t.co/jFGAbuKCTw
bonina	905187500842463232	1504641292.0	quieneslarobin	bonina	935541969069240320	1511881961.0	"maencima nominaron el remix con justin bieber, lo que se hizo netamente pa' vender m√°s, as√≠ que si, esos premios ""e‚Ä¶ https://t.co/GTevodFwKj"
giovana	914207927032057856	1506791929.0	giovana_gued	giovana	935541964317057031	1511881960.0	I just voted for #TeamMendes. Share this and Tylt the conversation. https://t.co/R94NLosh7f or RT‚ó¢
Noelia vigna	922528557779255296	1508775722.0	Noeliavigna2017	Noelia vigna	935541753192550400	1511881910.0	"RT @LosAmantesDeFV: Si sos Fans De algunos que estan En la Lista.
-FLOR VIGNA
-JUSTIN BIEBER
-NACHO NAYAR
-SELENA GOME
-DOSOGAS
-RAMIRO NAY‚Ä¶"
‚ÄúCall It What You Want‚Äù	924746458867359744	1509308111.0	RheyofStarlight	‚ÄúCall It What You Want‚Äù	935541837015736320	1511881930.0	"RT @headlineplanet: To answer a common question we're seeing:

The ""Despacito"" Grammy nominations are all for the version with Justin Biebe‚Ä¶"
Goofy	925831671412396032	1509566846.0	Goofy2409	Goofy	935541992079142912	1511881967.0	RT @zinoscrew: Qu√© orgullo que Despacito est√© nominada en los #Grammys, finalmente los latinos tienen m√°s reconocimiento. Artistas de la ta‚Ä¶
üçí	927603554608734208	1509989296.0	witchcrahfts	üçí	935541986257448960	1511881965.0	RT @captaindeadpooI: why do ppl call Despacito ‚ÄúJustin Bieber‚Äôs Despacito‚Äù as if the bieber version isn‚Äôt just a white devil discount remix‚Ä¶
Projeto Vote JB	929764744151687168	1510504563.0	projvotejb	Projeto Vote JB	935541898101645312	1511881944.0	"RT @purposemane: The fact that Justin Bieber is now 10x #Grammys nominated artist 'WOW'
Proud of you @justinbieber ! https://t.co/kQmUmhMcF8"
gema	930852497480175616	1510763904.0	revivalsjavadd	gema	935541841377755136	1511881931.0	"RT @drewfamosinho: JUSTIN BIEBER
cantor
compositor
produtor
dan√ßarino
multi instrumentista
ator
modelo
hitmaker
multiplas platinas
5 #1 na‚Ä¶"
